level,run,bt_ms,bt_found,bt_fitness,ort_ms,ort_found,ort_fitness
1,1,0.0479,15,1.0,5.3307,15,1.0
1,2,0.0588,33,1.0,1.1352,33,1.0
1,3,0.0466,9,1.0,1.0757,9,1.0
1,4,0.0475,15,1.0,1.3395,15,1.0
1,5,0.0369,15,1.0,1.0237,15,1.0
1,6,0.0326,15,1.0,0.7624,15,1.0
1,7,0.0293,15,1.0,0.9482,15,1.0
1,8,0.0276,6,1.0,0.9313,6,1.0
1,9,0.0333,15,1.0,0.9022,15,1.0
1,10,0.0204,7,1.0,0.6484,7,1.0
1,11,0.0576,33,1.0,1.0934,33,1.0
1,12,0.0518,33,1.0,0.9714,33,1.0
1,13,0.0437,15,1.0,0.8814,15,1.0
1,14,0.0435,15,1.0,1.0667,15,1.0
1,15,0.0427,15,1.0,0.9801,15,1.0
1,16,0.0204,6,1.0,0.7359,6,1.0
1,17,0.0544,33,1.0,1.2968,33,1.0
1,18,0.0316,6,1.0,0.7532,6,1.0
1,19,0.0349,15,1.0,1.1867,15,1.0
1,20,0.0235,6,1.0,0.764,6,1.0
2,1,0.2496,97,1.0,4.5432,97,1.0
2,2,0.2048,74,1.0,4.2803,74,1.0
2,3,0.6724,200,1.0,11.874,200,1.0
2,4,0.2376,106,1.0,5.4152,106,1.0
2,5,0.2785,129,1.0,4.8231,129,1.0
2,6,0.6867,200,1.0,8.2701,200,1.0
2,7,0.2273,87,1.0,3.0752,87,1.0
2,8,0.2372,96,1.0,4.4267,96,1.0
2,9,0.316,90,1.0,3.6455,90,1.0
2,10,1.0361,200,1.0,7.0056,200,1.0
2,11,0.3355,120,1.0,5.728,120,1.0
2,12,0.2425,96,1.0,4.8741,96,1.0
2,13,0.1335,50,1.0,2.1508,50,1.0
2,14,0.6859,200,1.0,8.3046,200,1.0
2,15,0.6934,200,1.0,11.1839,200,1.0
2,16,0.5161,125,1.0,5.2546,125,1.0
2,17,0.4694,200,1.0,7.2825,200,1.0
2,18,0.2353,96,1.0,4.4445,96,1.0
2,19,0.2108,74,1.0,3.3327,74,1.0
2,20,0.7743,200,1.0,8.2103,200,1.0
3,1,0.5985,200,0.95,10.5291,200,0.9917
3,2,0.7032,200,1.0,7.1192,200,1.0
3,3,0.4761,200,0.95,10.7539,200,1.0
3,4,0.5092,200,1.0,8.3928,200,1.0
3,5,0.7846,200,0.95,7.8914,200,1.0
3,6,0.8345,200,0.95,11.9325,200,1.0
3,7,0.6981,200,0.95,9.8373,200,1.0
3,8,0.6878,200,1.0,13.2557,200,1.0
3,9,0.4969,200,1.0,8.8813,200,0.95
3,10,0.4342,200,1.0,19.186,200,1.0
3,11,0.4361,200,0.95,5.2959,200,0.95
3,12,0.6342,200,1.0,6.7688,200,1.0
3,13,0.7529,200,0.95,12.6739,200,1.0
3,14,0.8189,200,0.95,13.9337,200,1.0
3,15,0.5984,200,0.95,6.7949,200,1.0
3,16,0.406,174,1.0,5.5521,174,1.0
3,17,0.526,200,0.95,7.0485,200,1.0
3,18,0.8118,200,0.95,13.4875,200,1.0
3,19,1.0147,200,0.95,11.607,200,1.0
3,20,0.4448,200,0.95,10.532,200,1.0
4,1,0.8339,200,0.925,15.2754,200,0.9625
4,2,0.6656,200,0.9625,14.653,200,0.9625
4,3,0.8606,200,0.925,16.4616,200,0.9625
4,4,0.8527,200,0.925,16.8368,200,0.9625
4,5,0.8534,200,0.925,14.1442,200,1.0
4,6,0.6059,200,0.925,11.0971,200,0.9625
4,7,0.7104,200,0.9625,10.3831,200,0.9625
4,8,0.5692,200,0.925,11.2661,200,1.0
4,9,0.6566,200,0.925,14.2691,200,0.925
4,10,0.9591,200,1.0,16.3804,200,1.0
4,11,1.7233,200,0.925,26.11,200,1.0
4,12,0.5065,200,0.9625,13.2681,200,1.0
4,13,0.9656,200,0.925,14.6622,200,1.0
4,14,0.655,200,0.9551,10.8006,200,0.925
4,15,1.1743,200,0.9625,17.2928,200,1.0
4,16,0.481,200,0.925,10.1672,200,1.0
4,17,0.8989,200,0.925,15.8542,200,0.9625
4,18,0.7091,200,0.925,11.8269,200,1.0
4,19,0.9565,200,0.925,16.1402,200,1.0
4,20,0.679,200,0.925,11.2242,200,0.925
5,1,0.689,200,0.9104,11.9844,200,0.9626
5,2,1.1903,200,0.8126,19.0136,200,0.97
5,3,0.5845,200,0.91,13.954,200,0.94
5,4,1.1148,200,0.9337,17.0382,200,0.9337
5,5,1.3458,200,0.9637,18.0269,200,0.9637
5,6,1.0283,200,0.9337,22.8825,200,0.9637
5,7,0.9424,200,0.94,17.8398,200,0.9637
5,8,0.6321,200,0.9326,10.1638,200,0.9326
5,9,1.4299,200,0.9326,13.5236,200,0.9337
5,10,1.0339,200,0.9317,15.5955,200,0.9937
5,11,0.9898,200,0.9937,10.8863,200,0.9937
5,12,1.1571,200,0.9637,12.7014,200,0.9337
5,13,0.6235,200,0.9026,12.6957,200,0.9326
5,14,1.0247,200,0.9337,13.7158,200,0.9626
5,15,0.7724,200,0.8517,11.8116,200,0.9937
5,16,0.9753,200,0.9337,12.7186,200,0.9337
5,17,1.062,200,0.9337,27.318,200,0.9637
5,18,0.7588,200,0.94,12.0684,200,0.94
5,19,0.813,200,0.9326,10.2669,200,0.9326
5,20,1.091,200,0.9337,9.3342,200,0.9626
6,1,1.1968,200,0.9278,24.4696,200,0.9667
6,2,1.2289,200,0.9447,19.0658,200,0.9697
6,3,1.0835,200,0.925,14.7486,200,0.9417
6,4,1.1394,200,0.9417,15.9519,200,0.9667
6,5,1.1149,200,0.95,16.7624,200,0.9667
6,6,1.341,200,0.925,11.0133,200,0.9028
6,7,1.219,200,0.9447,28.9445,200,0.9947
6,8,1.1953,200,0.9028,10.9845,200,0.9417
6,9,0.9266,200,0.9167,16.1682,200,0.9417
6,10,0.7768,200,0.8228,15.1359,200,0.9697
6,11,1.0297,200,0.95,18.6936,200,0.9697
6,12,0.6403,200,0.8947,15.1523,200,0.9197
6,13,0.7852,200,0.9197,15.0965,200,0.925
6,14,0.995,200,0.9167,14.8256,200,0.9667
6,15,1.0125,200,0.925,16.6153,200,0.925
6,16,1.2329,200,0.9278,17.9348,200,0.9417
6,17,1.1692,200,0.9278,23.8391,200,0.9947
6,18,1.134,200,0.9447,20.6772,200,0.9697
6,19,1.067,200,0.9197,18.4679,200,0.9697
6,20,1.272,200,0.9528,13.5216,200,0.9667
7,1,1.7611,200,0.8914,17.978,200,0.9128
7,2,0.7362,0,0.0,2.2646,0,0.0
7,3,0.3323,0,0.0,2.5509,0,0.0
7,4,1.4608,200,0.9342,20.4653,200,0.9342
7,5,2.1181,200,0.9509,18.6719,200,0.9342
7,6,0.9873,0,0.0,2.3066,0,0.0
7,7,1.6019,200,0.9497,14.0828,200,0.9497
7,8,1.3764,200,0.9342,17.703,200,0.908
7,9,0.884,48,0.9061,5.4057,48,0.9061
7,10,1.8289,200,0.9283,13.8291,200,0.9283
7,11,0.4512,0,0.0,1.7307,0,0.0
7,12,1.2999,200,0.9295,14.2492,200,0.9509
7,13,1.8472,200,0.9128,14.7327,200,0.9128
7,14,1.9904,200,0.9128,9.7316,200,0.9128
7,15,2.506,200,0.9275,14.3656,200,0.9275
7,16,2.6851,200,0.9497,15.6544,200,0.9497
7,17,2.5419,200,0.9497,15.4306,200,0.9497
7,18,0.6364,0,0.0,2.2322,0,0.0
7,19,0.3761,0,0.0,2.4199,0,0.0
7,20,1.4684,200,0.9342,39.0782,200,0.8683
8,1,0.5061,0,0.0,4.1066,0,0.0
8,2,0.9958,200,0.8838,16.8327,200,0.9271
8,3,3.099,0,0.0,7.3229,0,0.0
8,4,1.5583,200,0.9176,25.3371,200,0.9363
8,5,1.4783,200,0.8896,10.8826,200,0.8896
8,6,4.3224,200,0.9363,16.9475,200,0.9363
8,7,1.6876,200,0.9271,23.9763,200,0.9271
8,8,3.1768,0,0.0,3.4027,0,0.0
8,9,1.5405,200,0.835,14.7704,200,0.9271
8,10,1.8131,200,0.8296,23.5414,200,0.9083
8,11,1.6208,200,0.9271,18.4577,200,0.9458
8,12,20.0852,168,0.9176,17.2063,168,0.9176
8,13,0.8793,0,0.0,2.2262,0,0.0
8,14,1.2451,200,0.9438,25.7453,200,0.9458
8,15,2.5724,200,0.9271,17.1259,200,0.9271
8,16,2.3696,0,0.0,4.3398,0,0.0
8,17,4.3369,200,0.9363,15.9272,200,0.9363
8,18,2.0042,200,0.9224,16.5759,200,0.9224
8,19,1.7126,0,0.0,3.0846,0,0.0
8,20,1.9618,0,0.0,2.789,0,0.0
